nom,nom_de_rue,numero_rue,date_construction,date_mise_en_service,longitude,latitude,z,orientation,commentaire,record_modification_date,record_modification_user,record_creation_date,record_creation_user,nombre_de_masque,detail_localisation,geometry,diametre,hauteur,geometry_batiment,geometry_floors,geometry_wkt,geometry_ll,commune_id_fk,project_id_fk,voie_id_fk,floors_id_fk,influence_area_id_fk,id_type_cle_genie_civil_fk,id_materiaux_fk,id_type_noeud_genie_civil_fk,id_etat_fk,id_sous_type_noeud_genie_civil_fk,id_statut_fk,id_type_trappe_chambre_fk,id_disponibilite_fk,id_type_propriete_fk,id_param_etat_objet_fk
,,,,,,,,,,,,,,,,,,,,,,,,,,,,,,,,,,,,,
,,,,,,,,,,,,,,,,,,,,,,,,,,,,,,,,,,,,,
,,,,,,,,,,,,,,,,,,,,,,,,,,,,,,,,,,,,,
,,,,,,,,,,,,,,,,,,,,,,,,,,,,,,,,,,,,,
,,,,,,,,,,,,,,,,,,,,,,,,,,,,,,,,,,,,,
,,,,,,,,,,,,,,,,,,,,,,,,,,,,,,,,,,,,,
,,,,,,,,,,,,,,,,,,,,,,,,,,,,,,,,,,,,,
Nom_python A,test Batiment ESPACE,44.0,2024-11-10,2024-11-10,30.2,20.1,1.3,25.6,okk SFX++ line 1 espace,,,,,1.0,detail de la localisation E,POINT (278106.59288530046 579330.0004109729),20.3,20.5,POINT (388447.810558634 597397.959359441),POINT (388447.810558634 597397.959359441),POINT (388447.810558634 597397.959359441),POINT (388447.810558634 597397.959359441),1.0,0.0,5.0,0.0,0.0,0.0,1.0,27.0,1.0,107.0,0.0,4.0,0.0,0.0,0.0
Nom_python B,test ESPACE,44.0,2024-11-10,2024-11-10,30.2,20.1,1.3,25.6,okk SFX++ line 2 espace,,,,,1.0,detail de la localisation Z,POINT (278106.59288530046 579330.0004109729),20.3,20.5,POINT (388447.810558634 597397.959359441),POINT (388447.810558634 597397.959359441),POINT (388447.810558634 597397.959359441),POINT (388447.810558634 597397.959359441),1.0,0.0,5.0,0.0,0.0,0.0,1.0,27.0,1.0,107.0,0.0,4.0,0.0,0.0,0.0
,,,,,,,,,,,,,,,,,,,,,,,,,,,,,,,,,,,,,
,,,,,,,,,,,,,,,,,,,,,,,,,,,,,,,,,,,,,
Nom_python C,RUE LAVIE,44.0,2024-11-10,2024-11-10,30.2,20.1,1.3,25.6,okk SFX++ line 3 TEST 5 espace,,,,,1.0,detail de la localisation N,POINT (278106.59288530046 579330.0004109729),20.3,20.5,POINT (388447.810558634 597397.959359441),POINT (388447.810558634 597397.959359441),POINT (388447.810558634 597397.959359441),POINT (388447.810558634 597397.959359441),1.0,0.0,5.0,0.0,0.0,0.0,1.0,27.0,1.0,107.0,0.0,4.0,0.0,0.0,0.0
,,,,,,,,,,,,,,,,,,,,,,,,,,,,,,,,,,,,,
Nom_python D,GAME,44.0,2024-11-10,2024-11-10,30.2,20.1,1.3,25.6,okk SFX++ line ok 3 espace,,,,,1.0,detail de la localisation A,POINT (278106.59288530046 579330.0004109729),20.3,20.5,POINT (388447.810558634 597397.959359441),POINT (388447.810558634 597397.959359441),POINT (388447.810558634 597397.959359441),POINT (388447.810558634 597397.959359441),1.0,0.0,5.0,0.0,0.0,0.0,1.0,27.0,1.0,107.0,0.0,4.0,0.0,0.0,0.0
Nom_python 101,UN DEUX 101,144.0,2024-11-10,2024-11-10,1.102,2.101,1.103,125.6,okk SFX yes yes line deux ok 4 espace 1,,,,,101.0,detail de la localisation 1,POINT (278106.59288530046 579330.0004109729),20.3,20.5,POINT (388447.810558634 597397.959359441),POINT (388447.810558634 597397.959359441),POINT (388447.810558634 597397.959359441),POINT (388447.810558634 597397.959359441),1.0,0.0,5.0,0.0,0.0,0.0,1.0,27.0,1.0,107.0,0.0,4.0,0.0,0.0,0.0
Nom_python 102,UN DEUX 102,145.0,2024-11-10,2024-11-10,1.103,1.101,1.104,126.6,okk SFX yes yes line deux ok 4 espace 2,,,,,102.0,detail de la localisation 2,POINT (278106.59288530046 579330.0004109729),20.3,20.5,POINT (388447.810558634 597397.959359441),POINT (388447.810558634 597397.959359441),POINT (388447.810558634 597397.959359441),POINT (388447.810558634 597397.959359441),1.0,0.0,5.0,0.0,0.0,0.0,1.0,27.0,1.0,107.0,0.0,4.0,0.0,0.0,0.0
Nom_python 103,UN DEUX 103,146.0,2024-11-10,2024-11-10,1.104,1.102,1.105,127.6,okk SFX yes yes line deux ok 4 espace 3,,,,,103.0,detail de la localisation 3,POINT (278106.59288530046 579330.0004109729),20.3,20.5,POINT (388447.810558634 597397.959359441),POINT (388447.810558634 597397.959359441),POINT (388447.810558634 597397.959359441),POINT (388447.810558634 597397.959359441),1.0,0.0,5.0,0.0,0.0,0.0,1.0,27.0,1.0,107.0,0.0,4.0,0.0,0.0,0.0
Nom_python 104,UN DEUX 104,147.0,2024-11-10,2024-11-10,1.105,1.103,1.106,128.6,okk SFX yes yes line deux ok 4 espace 4,,,,,104.0,detail de la localisation 4,POINT (278106.59288530046 579330.0004109729),20.3,20.5,POINT (388447.810558634 597397.959359441),POINT (388447.810558634 597397.959359441),POINT (388447.810558634 597397.959359441),POINT (388447.810558634 597397.959359441),1.0,0.0,5.0,0.0,0.0,0.0,1.0,27.0,1.0,107.0,0.0,4.0,0.0,0.0,0.0
Nom_python 105,UN DEUX 105,148.0,2024-11-10,2024-11-10,1.106,1.104,1.107,129.6,okk SFX yes yes line deux ok 4 espace 5,,,,,105.0,detail de la localisation 5,POINT (278106.59288530046 579330.0004109729),20.3,20.5,POINT (388447.810558634 597397.959359441),POINT (388447.810558634 597397.959359441),POINT (388447.810558634 597397.959359441),POINT (388447.810558634 597397.959359441),1.0,0.0,5.0,0.0,0.0,0.0,1.0,27.0,1.0,107.0,0.0,4.0,0.0,0.0,0.0
Nom_python 106,UN DEUX 106,149.0,2024-11-10,2024-11-10,1.107,1.105,1.108,130.6,okk SFX yes yes line deux ok 4 espace 6,,,,,106.0,detail de la localisation 6,POINT (278106.59288530046 579330.0004109729),20.3,20.5,POINT (388447.810558634 597397.959359441),POINT (388447.810558634 597397.959359441),POINT (388447.810558634 597397.959359441),POINT (388447.810558634 597397.959359441),1.0,0.0,5.0,0.0,0.0,0.0,1.0,27.0,1.0,107.0,0.0,4.0,0.0,0.0,0.0
Nom_python 107,UN DEUX 107,150.0,2024-11-10,2024-11-10,1.108,1.106,1.109,131.6,okk SFX yes yes line deux ok 4 espace 7,,,,,107.0,detail de la localisation 7,POINT (278106.59288530046 579330.0004109729),20.3,20.5,POINT (388447.810558634 597397.959359441),POINT (388447.810558634 597397.959359441),POINT (388447.810558634 597397.959359441),POINT (388447.810558634 597397.959359441),1.0,0.0,5.0,0.0,0.0,0.0,1.0,27.0,1.0,107.0,0.0,4.0,0.0,0.0,0.0
Nom_python 108,UN DEUX 108,151.0,2024-11-10,2024-11-10,1.109,1.107,1.11,132.6,okk SFX yes yes line deux ok 4 espace 8,,,,,108.0,detail de la localisation 8,POINT (278106.59288530046 579330.0004109729),20.3,20.5,POINT (388447.810558634 597397.959359441),POINT (388447.810558634 597397.959359441),POINT (388447.810558634 597397.959359441),POINT (388447.810558634 597397.959359441),1.0,0.0,5.0,0.0,0.0,0.0,1.0,27.0,1.0,107.0,0.0,4.0,0.0,0.0,0.0
Nom_python 109,UN DEUX 109,152.0,2024-11-10,2024-11-10,1.11,1.108,1.111,133.6,okk SFX yes yes line deux ok 4 espace 9,,,,,109.0,detail de la localisation 9,POINT (278106.59288530046 579330.0004109729),20.3,20.5,POINT (388447.810558634 597397.959359441),POINT (388447.810558634 597397.959359441),POINT (388447.810558634 597397.959359441),POINT (388447.810558634 597397.959359441),1.0,0.0,5.0,0.0,0.0,0.0,1.0,27.0,1.0,107.0,0.0,4.0,0.0,0.0,0.0
Nom_python 110,UN DEUX 110,153.0,2024-11-10,2024-11-10,1.111,1.109,1.112,134.6,okk SFX yes yes line deux ok 4 espace 10,,,,,110.0,detail de la localisation 10,POINT (278106.59288530046 579330.0004109729),20.3,20.5,POINT (388447.810558634 597397.959359441),POINT (388447.810558634 597397.959359441),POINT (388447.810558634 597397.959359441),POINT (388447.810558634 597397.959359441),1.0,0.0,5.0,0.0,0.0,0.0,1.0,27.0,1.0,107.0,0.0,4.0,0.0,0.0,0.0
Nom_python 111,UN DEUX 111,154.0,2024-11-10,2024-11-10,1.112,1.11,1.113,135.6,okk SFX yes yes line deux ok 4 espace 11,,,,,111.0,detail de la localisation 11,POINT (278106.59288530046 579330.0004109729),20.3,20.5,POINT (388447.810558634 597397.959359441),POINT (388447.810558634 597397.959359441),POINT (388447.810558634 597397.959359441),POINT (388447.810558634 597397.959359441),1.0,0.0,5.0,0.0,0.0,0.0,1.0,27.0,1.0,107.0,0.0,4.0,0.0,0.0,0.0
Nom_python 112,UN DEUX 112,155.0,2024-11-10,2024-11-10,1.113,1.111,1.114,136.6,okk SFX yes yes line deux ok 4 espace 12,,,,,112.0,detail de la localisation 12,POINT (278106.59288530046 579330.0004109729),20.3,20.5,POINT (388447.810558634 597397.959359441),POINT (388447.810558634 597397.959359441),POINT (388447.810558634 597397.959359441),POINT (388447.810558634 597397.959359441),1.0,0.0,5.0,0.0,0.0,0.0,1.0,27.0,1.0,107.0,0.0,4.0,0.0,0.0,0.0
Nom_python 113,UN DEUX 113,156.0,2024-11-10,2024-11-10,1.114,1.112,1.115,137.6,okk SFX yes yes line deux ok 4 espace 13,,,,,113.0,detail de la localisation 13,POINT (278106.59288530046 579330.0004109729),20.3,20.5,POINT (388447.810558634 597397.959359441),POINT (388447.810558634 597397.959359441),POINT (388447.810558634 597397.959359441),POINT (388447.810558634 597397.959359441),1.0,0.0,5.0,0.0,0.0,0.0,1.0,27.0,1.0,107.0,0.0,4.0,0.0,0.0,0.0
Nom_python 114,UN DEUX 114,157.0,2024-11-10,2024-11-10,1.115,1.113,1.116,138.6,okk SFX yes yes line deux ok 4 espace 14,,,,,114.0,detail de la localisation 14,POINT (278106.59288530046 579330.0004109729),20.3,20.5,POINT (388447.810558634 597397.959359441),POINT (388447.810558634 597397.959359441),POINT (388447.810558634 597397.959359441),POINT (388447.810558634 597397.959359441),1.0,0.0,5.0,0.0,0.0,0.0,1.0,27.0,1.0,107.0,0.0,4.0,0.0,0.0,0.0
Nom_python 115,UN DEUX 115,158.0,2024-11-10,2024-11-10,1.116,1.114,1.117,139.6,okk SFX yes yes line deux ok 4 espace 15,,,,,115.0,detail de la localisation 15,POINT (278106.59288530046 579330.0004109729),20.3,20.5,POINT (388447.810558634 597397.959359441),POINT (388447.810558634 597397.959359441),POINT (388447.810558634 597397.959359441),POINT (388447.810558634 597397.959359441),1.0,0.0,5.0,0.0,0.0,0.0,1.0,27.0,1.0,107.0,0.0,4.0,0.0,0.0,0.0
Nom_python 116,UN DEUX 116,159.0,2024-11-10,2024-11-10,1.117,1.115,1.118,140.6,okk SFX yes yes line deux ok 4 espace 16,,,,,116.0,detail de la localisation 16,POINT (278106.59288530046 579330.0004109729),20.3,20.5,POINT (388447.810558634 597397.959359441),POINT (388447.810558634 597397.959359441),POINT (388447.810558634 597397.959359441),POINT (388447.810558634 597397.959359441),1.0,0.0,5.0,0.0,0.0,0.0,1.0,27.0,1.0,107.0,0.0,4.0,0.0,0.0,0.0
Nom_python 117,UN DEUX 117,160.0,2024-11-10,2024-11-10,1.118,1.116,1.119,141.6,okk SFX yes yes line deux ok 4 espace 17,,,,,117.0,detail de la localisation 17,POINT (278106.59288530046 579330.0004109729),20.3,20.5,POINT (388447.810558634 597397.959359441),POINT (388447.810558634 597397.959359441),POINT (388447.810558634 597397.959359441),POINT (388447.810558634 597397.959359441),1.0,0.0,5.0,0.0,0.0,0.0,1.0,27.0,1.0,107.0,0.0,4.0,0.0,0.0,0.0
Nom_python 118,UN DEUX 118,161.0,2024-11-10,2024-11-10,1.119,1.117,1.12,142.6,okk SFX yes yes line deux ok 4 espace 18,,,,,118.0,detail de la localisation 18,POINT (278106.59288530046 579330.0004109729),20.3,20.5,POINT (388447.810558634 597397.959359441),POINT (388447.810558634 597397.959359441),POINT (388447.810558634 597397.959359441),POINT (388447.810558634 597397.959359441),1.0,0.0,5.0,0.0,0.0,0.0,1.0,27.0,1.0,107.0,0.0,4.0,0.0,0.0,0.0
Nom_python 119,UN DEUX 119,162.0,2024-11-10,2024-11-10,1.12,1.118,1.121,143.6,okk SFX yes yes line deux ok 4 espace 19,,,,,119.0,detail de la localisation 19,POINT (278106.59288530046 579330.0004109729),20.3,20.5,POINT (388447.810558634 597397.959359441),POINT (388447.810558634 597397.959359441),POINT (388447.810558634 597397.959359441),POINT (388447.810558634 597397.959359441),1.0,0.0,5.0,0.0,0.0,0.0,1.0,27.0,1.0,107.0,0.0,4.0,0.0,0.0,0.0
Nom_python 120,UN DEUX 120,163.0,2024-11-10,2024-11-10,1.121,1.119,1.122,144.6,okk SFX yes yes line deux ok 4 espace 20,,,,,120.0,detail de la localisation 20,POINT (278106.59288530046 579330.0004109729),20.3,20.5,POINT (388447.810558634 597397.959359441),POINT (388447.810558634 597397.959359441),POINT (388447.810558634 597397.959359441),POINT (388447.810558634 597397.959359441),1.0,0.0,5.0,0.0,0.0,0.0,1.0,27.0,1.0,107.0,0.0,4.0,0.0,0.0,0.0
Nom_python 121,UN DEUX 121,164.0,2024-11-10,2024-11-10,1.122,1.12,1.123,145.6,okk SFX yes yes line deux ok 4 espace 21,,,,,121.0,detail de la localisation 21,POINT (278106.59288530046 579330.0004109729),20.3,20.5,POINT (388447.810558634 597397.959359441),POINT (388447.810558634 597397.959359441),POINT (388447.810558634 597397.959359441),POINT (388447.810558634 597397.959359441),1.0,0.0,5.0,0.0,0.0,0.0,1.0,27.0,1.0,107.0,0.0,4.0,0.0,0.0,0.0
Nom_python 122,UN DEUX 122,165.0,2024-11-10,2024-11-10,1.123,1.121,1.124,146.6,okk SFX yes yes line deux ok 4 espace 22,,,,,122.0,detail de la localisation 22,POINT (278106.59288530046 579330.0004109729),20.3,20.5,POINT (388447.810558634 597397.959359441),POINT (388447.810558634 597397.959359441),POINT (388447.810558634 597397.959359441),POINT (388447.810558634 597397.959359441),1.0,0.0,5.0,0.0,0.0,0.0,1.0,27.0,1.0,107.0,0.0,4.0,0.0,0.0,0.0
Nom_python 123,UN DEUX 123,166.0,2024-11-10,2024-11-10,1.124,1.122,1.125,147.6,okk SFX yes yes line deux ok 4 espace 23,,,,,123.0,detail de la localisation 23,POINT (278106.59288530046 579330.0004109729),20.3,20.5,POINT (388447.810558634 597397.959359441),POINT (388447.810558634 597397.959359441),POINT (388447.810558634 597397.959359441),POINT (388447.810558634 597397.959359441),1.0,0.0,5.0,0.0,0.0,0.0,1.0,27.0,1.0,107.0,0.0,4.0,0.0,0.0,0.0
Nom_python 124,UN DEUX 124,167.0,2024-11-10,2024-11-10,1.125,1.123,1.126,148.6,okk SFX yes yes line deux ok 4 espace 24,,,,,124.0,detail de la localisation 24,POINT (278106.59288530046 579330.0004109729),20.3,20.5,POINT (388447.810558634 597397.959359441),POINT (388447.810558634 597397.959359441),POINT (388447.810558634 597397.959359441),POINT (388447.810558634 597397.959359441),1.0,0.0,5.0,0.0,0.0,0.0,1.0,27.0,1.0,107.0,0.0,4.0,0.0,0.0,0.0
Nom_python 125,UN DEUX 125,168.0,2024-11-10,2024-11-10,1.126,1.124,1.127,149.6,okk SFX yes yes line deux ok 4 espace 25,,,,,125.0,detail de la localisation 25,POINT (278106.59288530046 579330.0004109729),20.3,20.5,POINT (388447.810558634 597397.959359441),POINT (388447.810558634 597397.959359441),POINT (388447.810558634 597397.959359441),POINT (388447.810558634 597397.959359441),1.0,0.0,5.0,0.0,0.0,0.0,1.0,27.0,1.0,107.0,0.0,4.0,0.0,0.0,0.0
Nom_python 126,UN DEUX 126,169.0,2024-11-10,2024-11-10,1.127,1.125,1.128,150.6,okk SFX yes yes line deux ok 4 espace 26,,,,,126.0,detail de la localisation 26,POINT (278106.59288530046 579330.0004109729),20.3,20.5,POINT (388447.810558634 597397.959359441),POINT (388447.810558634 597397.959359441),POINT (388447.810558634 597397.959359441),POINT (388447.810558634 597397.959359441),1.0,0.0,5.0,0.0,0.0,0.0,1.0,27.0,1.0,107.0,0.0,4.0,0.0,0.0,0.0
Nom_python 127,UN DEUX 127,170.0,2024-11-10,2024-11-10,1.128,1.126,1.129,151.6,okk SFX yes yes line deux ok 4 espace 27,,,,,127.0,detail de la localisation 27,POINT (278106.59288530046 579330.0004109729),20.3,20.5,POINT (388447.810558634 597397.959359441),POINT (388447.810558634 597397.959359441),POINT (388447.810558634 597397.959359441),POINT (388447.810558634 597397.959359441),1.0,0.0,5.0,0.0,0.0,0.0,1.0,27.0,1.0,107.0,0.0,4.0,0.0,0.0,0.0
Nom_python 128,UN DEUX 128,171.0,2024-11-10,2024-11-10,1.129,1.127,1.13,152.6,okk SFX yes yes line deux ok 4 espace 28,,,,,128.0,detail de la localisation 28,POINT (278106.59288530046 579330.0004109729),20.3,20.5,POINT (388447.810558634 597397.959359441),POINT (388447.810558634 597397.959359441),POINT (388447.810558634 597397.959359441),POINT (388447.810558634 597397.959359441),1.0,0.0,5.0,0.0,0.0,0.0,1.0,27.0,1.0,107.0,0.0,4.0,0.0,0.0,0.0
Nom_python 129,UN DEUX 129,172.0,2024-11-10,2024-11-10,1.13,1.128,1.131,153.6,okk SFX yes yes line deux ok 4 espace 29,,,,,129.0,detail de la localisation 29,POINT (278106.59288530046 579330.0004109729),20.3,20.5,POINT (388447.810558634 597397.959359441),POINT (388447.810558634 597397.959359441),POINT (388447.810558634 597397.959359441),POINT (388447.810558634 597397.959359441),1.0,0.0,5.0,0.0,0.0,0.0,1.0,27.0,1.0,107.0,0.0,4.0,0.0,0.0,0.0
Nom_python 130,UN DEUX 130,173.0,2024-11-10,2024-11-10,1.131,1.129,1.132,154.6,okk SFX yes yes line deux ok 4 espace 30,,,,,130.0,detail de la localisation 30,POINT (278106.59288530046 579330.0004109729),20.3,20.5,POINT (388447.810558634 597397.959359441),POINT (388447.810558634 597397.959359441),POINT (388447.810558634 597397.959359441),POINT (388447.810558634 597397.959359441),1.0,0.0,5.0,0.0,0.0,0.0,1.0,27.0,1.0,107.0,0.0,4.0,0.0,0.0,0.0
Nom_python 131,UN DEUX 131,174.0,2024-11-10,2024-11-10,1.132,1.13,1.133,155.6,okk SFX yes yes line deux ok 4 espace 31,,,,,131.0,detail de la localisation 31,POINT (278106.59288530046 579330.0004109729),20.3,20.5,POINT (388447.810558634 597397.959359441),POINT (388447.810558634 597397.959359441),POINT (388447.810558634 597397.959359441),POINT (388447.810558634 597397.959359441),1.0,0.0,5.0,0.0,0.0,0.0,1.0,27.0,1.0,107.0,0.0,4.0,0.0,0.0,0.0
Nom_python 132,UN DEUX 132,175.0,2024-11-10,2024-11-10,1.133,1.131,1.134,156.6,okk SFX yes yes line deux ok 4 espace 32,,,,,132.0,detail de la localisation 32,POINT (278106.59288530046 579330.0004109729),20.3,20.5,POINT (388447.810558634 597397.959359441),POINT (388447.810558634 597397.959359441),POINT (388447.810558634 597397.959359441),POINT (388447.810558634 597397.959359441),1.0,0.0,5.0,0.0,0.0,0.0,1.0,27.0,1.0,107.0,0.0,4.0,0.0,0.0,0.0
Nom_python 133,UN DEUX 133,176.0,2024-11-10,2024-11-10,1.134,1.132,1.135,157.6,okk SFX yes yes line deux ok 4 espace 33,,,,,133.0,detail de la localisation 33,POINT (278106.59288530046 579330.0004109729),20.3,20.5,POINT (388447.810558634 597397.959359441),POINT (388447.810558634 597397.959359441),POINT (388447.810558634 597397.959359441),POINT (388447.810558634 597397.959359441),1.0,0.0,5.0,0.0,0.0,0.0,1.0,27.0,1.0,107.0,0.0,4.0,0.0,0.0,0.0
Nom_python 134,UN DEUX 134,177.0,2024-11-10,2024-11-10,1.135,1.133,1.136,158.6,okk SFX yes yes line deux ok 4 espace 34,,,,,134.0,detail de la localisation 34,POINT (278106.59288530046 579330.0004109729),20.3,20.5,POINT (388447.810558634 597397.959359441),POINT (388447.810558634 597397.959359441),POINT (388447.810558634 597397.959359441),POINT (388447.810558634 597397.959359441),1.0,0.0,5.0,0.0,0.0,0.0,1.0,27.0,1.0,107.0,0.0,4.0,0.0,0.0,0.0
Nom_python 135,UN DEUX 135,178.0,2024-11-10,2024-11-10,1.136,1.134,1.137,159.6,okk SFX yes yes line deux ok 4 espace 35,,,,,135.0,detail de la localisation 35,POINT (278106.59288530046 579330.0004109729),20.3,20.5,POINT (388447.810558634 597397.959359441),POINT (388447.810558634 597397.959359441),POINT (388447.810558634 597397.959359441),POINT (388447.810558634 597397.959359441),1.0,0.0,5.0,0.0,0.0,0.0,1.0,27.0,1.0,107.0,0.0,4.0,0.0,0.0,0.0
Nom_python 136,UN DEUX 136,179.0,2024-11-10,2024-11-10,1.137,1.135,1.138,160.6,okk SFX yes yes line deux ok 4 espace 36,,,,,136.0,detail de la localisation 36,POINT (278106.59288530046 579330.0004109729),20.3,20.5,POINT (388447.810558634 597397.959359441),POINT (388447.810558634 597397.959359441),POINT (388447.810558634 597397.959359441),POINT (388447.810558634 597397.959359441),1.0,0.0,5.0,0.0,0.0,0.0,1.0,27.0,1.0,107.0,0.0,4.0,0.0,0.0,0.0
Nom_python 137,UN DEUX 137,180.0,2024-11-10,2024-11-10,1.138,1.136,1.139,161.6,okk SFX yes yes line deux ok 4 espace 37,,,,,137.0,detail de la localisation 37,POINT (278106.59288530046 579330.0004109729),20.3,20.5,POINT (388447.810558634 597397.959359441),POINT (388447.810558634 597397.959359441),POINT (388447.810558634 597397.959359441),POINT (388447.810558634 597397.959359441),1.0,0.0,5.0,0.0,0.0,0.0,1.0,27.0,1.0,107.0,0.0,4.0,0.0,0.0,0.0
Nom_python 138,UN DEUX 138,181.0,2024-11-10,2024-11-10,1.139,1.137,1.14,162.6,okk SFX yes yes line deux ok 4 espace 38,,,,,138.0,detail de la localisation 38,POINT (278106.59288530046 579330.0004109729),20.3,20.5,POINT (388447.810558634 597397.959359441),POINT (388447.810558634 597397.959359441),POINT (388447.810558634 597397.959359441),POINT (388447.810558634 597397.959359441),1.0,0.0,5.0,0.0,0.0,0.0,1.0,27.0,1.0,107.0,0.0,4.0,0.0,0.0,0.0
Nom_python 139,UN DEUX 139,182.0,2024-11-10,2024-11-10,1.14,1.138,1.141,163.6,okk SFX yes yes line deux ok 4 espace 39,,,,,139.0,detail de la localisation 39,POINT (278106.59288530046 579330.0004109729),20.3,20.5,POINT (388447.810558634 597397.959359441),POINT (388447.810558634 597397.959359441),POINT (388447.810558634 597397.959359441),POINT (388447.810558634 597397.959359441),1.0,0.0,5.0,0.0,0.0,0.0,1.0,27.0,1.0,107.0,0.0,4.0,0.0,0.0,0.0
Nom_python 140,UN DEUX 140,183.0,2024-11-10,2024-11-10,1.141,1.139,1.142,164.6,okk SFX yes yes line deux ok 4 espace 40,,,,,140.0,detail de la localisation 40,POINT (278106.59288530046 579330.0004109729),20.3,20.5,POINT (388447.810558634 597397.959359441),POINT (388447.810558634 597397.959359441),POINT (388447.810558634 597397.959359441),POINT (388447.810558634 597397.959359441),1.0,0.0,5.0,0.0,0.0,0.0,1.0,27.0,1.0,107.0,0.0,4.0,0.0,0.0,0.0
Nom_python 141,UN DEUX 141,184.0,2024-11-10,2024-11-10,1.142,1.14,1.143,165.6,okk SFX yes yes line deux ok 4 espace 41,,,,,141.0,detail de la localisation 41,POINT (278106.59288530046 579330.0004109729),20.3,20.5,POINT (388447.810558634 597397.959359441),POINT (388447.810558634 597397.959359441),POINT (388447.810558634 597397.959359441),POINT (388447.810558634 597397.959359441),1.0,0.0,5.0,0.0,0.0,0.0,1.0,27.0,1.0,107.0,0.0,4.0,0.0,0.0,0.0
Nom_python 142,UN DEUX 142,185.0,2024-11-10,2024-11-10,1.143,1.141,1.144,166.6,okk SFX yes yes line deux ok 4 espace 42,,,,,142.0,detail de la localisation 42,POINT (278106.59288530046 579330.0004109729),20.3,20.5,POINT (388447.810558634 597397.959359441),POINT (388447.810558634 597397.959359441),POINT (388447.810558634 597397.959359441),POINT (388447.810558634 597397.959359441),1.0,0.0,5.0,0.0,0.0,0.0,1.0,27.0,1.0,107.0,0.0,4.0,0.0,0.0,0.0
Nom_python 143,UN DEUX 143,186.0,2024-11-10,2024-11-10,1.144,1.142,1.145,167.6,okk SFX yes yes line deux ok 4 espace 43,,,,,143.0,detail de la localisation 43,POINT (278106.59288530046 579330.0004109729),20.3,20.5,POINT (388447.810558634 597397.959359441),POINT (388447.810558634 597397.959359441),POINT (388447.810558634 597397.959359441),POINT (388447.810558634 597397.959359441),1.0,0.0,5.0,0.0,0.0,0.0,1.0,27.0,1.0,107.0,0.0,4.0,0.0,0.0,0.0
Nom_python 144,UN DEUX 144,187.0,2024-11-10,2024-11-10,1.145,1.143,1.146,168.6,okk SFX yes yes line deux ok 4 espace 44,,,,,144.0,detail de la localisation 44,POINT (278106.59288530046 579330.0004109729),20.3,20.5,POINT (388447.810558634 597397.959359441),POINT (388447.810558634 597397.959359441),POINT (388447.810558634 597397.959359441),POINT (388447.810558634 597397.959359441),1.0,0.0,5.0,0.0,0.0,0.0,1.0,27.0,1.0,107.0,0.0,4.0,0.0,0.0,0.0
Nom_python 145,UN DEUX 145,188.0,2024-11-10,2024-11-10,1.146,1.144,1.147,169.6,okk SFX yes yes line deux ok 4 espace 45,,,,,145.0,detail de la localisation 45,POINT (278106.59288530046 579330.0004109729),20.3,20.5,POINT (388447.810558634 597397.959359441),POINT (388447.810558634 597397.959359441),POINT (388447.810558634 597397.959359441),POINT (388447.810558634 597397.959359441),1.0,0.0,5.0,0.0,0.0,0.0,1.0,27.0,1.0,107.0,0.0,4.0,0.0,0.0,0.0
Nom_python 146,UN DEUX 146,189.0,2024-11-10,2024-11-10,1.147,1.145,1.148,170.6,okk SFX yes yes line deux ok 4 espace 46,,,,,146.0,detail de la localisation 46,POINT (278106.59288530046 579330.0004109729),20.3,20.5,POINT (388447.810558634 597397.959359441),POINT (388447.810558634 597397.959359441),POINT (388447.810558634 597397.959359441),POINT (388447.810558634 597397.959359441),1.0,0.0,5.0,0.0,0.0,0.0,1.0,27.0,1.0,107.0,0.0,4.0,0.0,0.0,0.0
Nom_python 147,UN DEUX 147,190.0,2024-11-10,2024-11-10,1.148,1.146,1.149,171.6,okk SFX yes yes line deux ok 4 espace 47,,,,,147.0,detail de la localisation 47,POINT (278106.59288530046 579330.0004109729),20.3,20.5,POINT (388447.810558634 597397.959359441),POINT (388447.810558634 597397.959359441),POINT (388447.810558634 597397.959359441),POINT (388447.810558634 597397.959359441),1.0,0.0,5.0,0.0,0.0,0.0,1.0,27.0,1.0,107.0,0.0,4.0,0.0,0.0,0.0
Nom_python 148,UN DEUX 148,191.0,2024-11-10,2024-11-10,1.149,1.147,1.15,172.6,okk SFX yes yes line deux ok 4 espace 48,,,,,148.0,detail de la localisation 48,POINT (278106.59288530046 579330.0004109729),20.3,20.5,POINT (388447.810558634 597397.959359441),POINT (388447.810558634 597397.959359441),POINT (388447.810558634 597397.959359441),POINT (388447.810558634 597397.959359441),1.0,0.0,5.0,0.0,0.0,0.0,1.0,27.0,1.0,107.0,0.0,4.0,0.0,0.0,0.0
Nom_python 149,UN DEUX 149,192.0,2024-11-10,2024-11-10,1.15,1.148,1.151,173.6,okk SFX yes yes line deux ok 4 espace 49,,,,,149.0,detail de la localisation 49,POINT (278106.59288530046 579330.0004109729),20.3,20.5,POINT (388447.810558634 597397.959359441),POINT (388447.810558634 597397.959359441),POINT (388447.810558634 597397.959359441),POINT (388447.810558634 597397.959359441),1.0,0.0,5.0,0.0,0.0,0.0,1.0,27.0,1.0,107.0,0.0,4.0,0.0,0.0,0.0
Nom_python 150,UN DEUX 150,193.0,2024-11-10,2024-11-10,1.151,1.149,1.152,174.6,okk SFX yes yes line deux ok 4 espace 50,,,,,150.0,detail de la localisation 50,POINT (278106.59288530046 579330.0004109729),20.3,20.5,POINT (388447.810558634 597397.959359441),POINT (388447.810558634 597397.959359441),POINT (388447.810558634 597397.959359441),POINT (388447.810558634 597397.959359441),1.0,0.0,5.0,0.0,0.0,0.0,1.0,27.0,1.0,107.0,0.0,4.0,0.0,0.0,0.0
Nom_python 151,UN DEUX 151,194.0,2024-11-10,2024-11-10,1.152,1.15,1.153,175.6,okk SFX yes yes line deux ok 4 espace 51,,,,,151.0,detail de la localisation 51,POINT (278106.59288530046 579330.0004109729),20.3,20.5,POINT (388447.810558634 597397.959359441),POINT (388447.810558634 597397.959359441),POINT (388447.810558634 597397.959359441),POINT (388447.810558634 597397.959359441),1.0,0.0,5.0,0.0,0.0,0.0,1.0,27.0,1.0,107.0,0.0,4.0,0.0,0.0,0.0
Nom_python 152,UN DEUX 152,195.0,2024-11-10,2024-11-10,1.153,1.151,1.154,176.6,okk SFX yes yes line deux ok 4 espace 52,,,,,152.0,detail de la localisation 52,POINT (278106.59288530046 579330.0004109729),20.3,20.5,POINT (388447.810558634 597397.959359441),POINT (388447.810558634 597397.959359441),POINT (388447.810558634 597397.959359441),POINT (388447.810558634 597397.959359441),1.0,0.0,5.0,0.0,0.0,0.0,1.0,27.0,1.0,107.0,0.0,4.0,0.0,0.0,0.0
Nom_python 153,UN DEUX 153,196.0,2024-11-10,2024-11-10,1.154,1.152,1.155,177.6,okk SFX yes yes line deux ok 4 espace 53,,,,,153.0,detail de la localisation 53,POINT (278106.59288530046 579330.0004109729),20.3,20.5,POINT (388447.810558634 597397.959359441),POINT (388447.810558634 597397.959359441),POINT (388447.810558634 597397.959359441),POINT (388447.810558634 597397.959359441),1.0,0.0,5.0,0.0,0.0,0.0,1.0,27.0,1.0,107.0,0.0,4.0,0.0,0.0,0.0
Nom_python 154,UN DEUX 154,197.0,2024-11-10,2024-11-10,1.155,1.153,1.156,178.6,okk SFX yes yes line deux ok 4 espace 54,,,,,154.0,detail de la localisation 54,POINT (278106.59288530046 579330.0004109729),20.3,20.5,POINT (388447.810558634 597397.959359441),POINT (388447.810558634 597397.959359441),POINT (388447.810558634 597397.959359441),POINT (388447.810558634 597397.959359441),1.0,0.0,5.0,0.0,0.0,0.0,1.0,27.0,1.0,107.0,0.0,4.0,0.0,0.0,0.0
Nom_python 155,UN DEUX 155,198.0,2024-11-10,2024-11-10,1.156,1.154,1.157,179.6,okk SFX yes yes line deux ok 4 espace 55,,,,,155.0,detail de la localisation 55,POINT (278106.59288530046 579330.0004109729),20.3,20.5,POINT (388447.810558634 597397.959359441),POINT (388447.810558634 597397.959359441),POINT (388447.810558634 597397.959359441),POINT (388447.810558634 597397.959359441),1.0,0.0,5.0,0.0,0.0,0.0,1.0,27.0,1.0,107.0,0.0,4.0,0.0,0.0,0.0
Nom_python 156,UN DEUX 156,199.0,2024-11-10,2024-11-10,1.157,1.155,1.158,180.6,okk SFX yes yes line deux ok 4 espace 56,,,,,156.0,detail de la localisation 56,POINT (278106.59288530046 579330.0004109729),20.3,20.5,POINT (388447.810558634 597397.959359441),POINT (388447.810558634 597397.959359441),POINT (388447.810558634 597397.959359441),POINT (388447.810558634 597397.959359441),1.0,0.0,5.0,0.0,0.0,0.0,1.0,27.0,1.0,107.0,0.0,4.0,0.0,0.0,0.0
Nom_python 157,UN DEUX 157,200.0,2024-11-10,2024-11-10,1.158,1.156,1.159,181.6,okk SFX yes yes line deux ok 4 espace 57,,,,,157.0,detail de la localisation 57,POINT (278106.59288530046 579330.0004109729),20.3,20.5,POINT (388447.810558634 597397.959359441),POINT (388447.810558634 597397.959359441),POINT (388447.810558634 597397.959359441),POINT (388447.810558634 597397.959359441),1.0,0.0,5.0,0.0,0.0,0.0,1.0,27.0,1.0,107.0,0.0,4.0,0.0,0.0,0.0
Nom_python 158,UN DEUX 158,201.0,2024-11-10,2024-11-10,1.159,1.157,1.16,182.6,okk SFX yes yes line deux ok 4 espace 58,,,,,158.0,detail de la localisation 58,POINT (278106.59288530046 579330.0004109729),20.3,20.5,POINT (388447.810558634 597397.959359441),POINT (388447.810558634 597397.959359441),POINT (388447.810558634 597397.959359441),POINT (388447.810558634 597397.959359441),1.0,0.0,5.0,0.0,0.0,0.0,1.0,27.0,1.0,107.0,0.0,4.0,0.0,0.0,0.0
Nom_python 159,UN DEUX 159,202.0,2024-11-10,2024-11-10,1.16,1.158,1.161,183.6,okk SFX yes yes line deux ok 4 espace 59,,,,,159.0,detail de la localisation 59,POINT (278106.59288530046 579330.0004109729),20.3,20.5,POINT (388447.810558634 597397.959359441),POINT (388447.810558634 597397.959359441),POINT (388447.810558634 597397.959359441),POINT (388447.810558634 597397.959359441),1.0,0.0,5.0,0.0,0.0,0.0,1.0,27.0,1.0,107.0,0.0,4.0,0.0,0.0,0.0
Nom_python 160,UN DEUX 160,203.0,2024-11-10,2024-11-10,1.161,1.159,1.162,184.6,okk SFX yes yes line deux ok 4 espace 60,,,,,160.0,detail de la localisation 60,POINT (278106.59288530046 579330.0004109729),20.3,20.5,POINT (388447.810558634 597397.959359441),POINT (388447.810558634 597397.959359441),POINT (388447.810558634 597397.959359441),POINT (388447.810558634 597397.959359441),1.0,0.0,5.0,0.0,0.0,0.0,1.0,27.0,1.0,107.0,0.0,4.0,0.0,0.0,0.0
Nom_python 161,UN DEUX 161,204.0,2024-11-10,2024-11-10,1.162,1.16,1.163,185.6,okk SFX yes yes line deux ok 4 espace 61,,,,,161.0,detail de la localisation 61,POINT (278106.59288530046 579330.0004109729),20.3,20.5,POINT (388447.810558634 597397.959359441),POINT (388447.810558634 597397.959359441),POINT (388447.810558634 597397.959359441),POINT (388447.810558634 597397.959359441),1.0,0.0,5.0,0.0,0.0,0.0,1.0,27.0,1.0,107.0,0.0,4.0,0.0,0.0,0.0
Nom_python 162,UN DEUX 162,205.0,2024-11-10,2024-11-10,1.163,1.161,1.164,186.6,okk SFX yes yes line deux ok 4 espace 62,,,,,162.0,detail de la localisation 62,POINT (278106.59288530046 579330.0004109729),20.3,20.5,POINT (388447.810558634 597397.959359441),POINT (388447.810558634 597397.959359441),POINT (388447.810558634 597397.959359441),POINT (388447.810558634 597397.959359441),1.0,0.0,5.0,0.0,0.0,0.0,1.0,27.0,1.0,107.0,0.0,4.0,0.0,0.0,0.0
Nom_python 163,UN DEUX 163,206.0,2024-11-10,2024-11-10,1.164,1.162,1.165,187.6,okk SFX yes yes line deux ok 4 espace 63,,,,,163.0,detail de la localisation 63,POINT (278106.59288530046 579330.0004109729),20.3,20.5,POINT (388447.810558634 597397.959359441),POINT (388447.810558634 597397.959359441),POINT (388447.810558634 597397.959359441),POINT (388447.810558634 597397.959359441),1.0,0.0,5.0,0.0,0.0,0.0,1.0,27.0,1.0,107.0,0.0,4.0,0.0,0.0,0.0
Nom_python 164,UN DEUX 164,207.0,2024-11-10,2024-11-10,1.165,1.163,1.166,188.6,okk SFX yes yes line deux ok 4 espace 64,,,,,164.0,detail de la localisation 64,POINT (278106.59288530046 579330.0004109729),20.3,20.5,POINT (388447.810558634 597397.959359441),POINT (388447.810558634 597397.959359441),POINT (388447.810558634 597397.959359441),POINT (388447.810558634 597397.959359441),1.0,0.0,5.0,0.0,0.0,0.0,1.0,27.0,1.0,107.0,0.0,4.0,0.0,0.0,0.0
Nom_python 165,UN DEUX 165,208.0,2024-11-10,2024-11-10,1.166,1.164,1.167,189.6,okk SFX yes yes line deux ok 4 espace 65,,,,,165.0,detail de la localisation 65,POINT (278106.59288530046 579330.0004109729),20.3,20.5,POINT (388447.810558634 597397.959359441),POINT (388447.810558634 597397.959359441),POINT (388447.810558634 597397.959359441),POINT (388447.810558634 597397.959359441),1.0,0.0,5.0,0.0,0.0,0.0,1.0,27.0,1.0,107.0,0.0,4.0,0.0,0.0,0.0
Nom_python 166,UN DEUX 166,209.0,2024-11-10,2024-11-10,1.167,1.165,1.168,190.6,okk SFX yes yes line deux ok 4 espace 66,,,,,166.0,detail de la localisation 66,POINT (278106.59288530046 579330.0004109729),20.3,20.5,POINT (388447.810558634 597397.959359441),POINT (388447.810558634 597397.959359441),POINT (388447.810558634 597397.959359441),POINT (388447.810558634 597397.959359441),1.0,0.0,5.0,0.0,0.0,0.0,1.0,27.0,1.0,107.0,0.0,4.0,0.0,0.0,0.0
Nom_python 167,UN DEUX 167,210.0,2024-11-10,2024-11-10,1.168,1.166,1.169,191.6,okk SFX yes yes line deux ok 4 espace 67,,,,,167.0,detail de la localisation 67,POINT (278106.59288530046 579330.0004109729),20.3,20.5,POINT (388447.810558634 597397.959359441),POINT (388447.810558634 597397.959359441),POINT (388447.810558634 597397.959359441),POINT (388447.810558634 597397.959359441),1.0,0.0,5.0,0.0,0.0,0.0,1.0,27.0,1.0,107.0,0.0,4.0,0.0,0.0,0.0
Nom_python 168,UN DEUX 168,211.0,2024-11-10,2024-11-10,1.169,1.167,1.17,192.6,okk SFX yes yes line deux ok 4 espace 68,,,,,168.0,detail de la localisation 68,POINT (278106.59288530046 579330.0004109729),20.3,20.5,POINT (388447.810558634 597397.959359441),POINT (388447.810558634 597397.959359441),POINT (388447.810558634 597397.959359441),POINT (388447.810558634 597397.959359441),1.0,0.0,5.0,0.0,0.0,0.0,1.0,27.0,1.0,107.0,0.0,4.0,0.0,0.0,0.0
Nom_python 169,UN DEUX 169,212.0,2024-11-10,2024-11-10,1.17,1.168,1.171,193.6,okk SFX yes yes line deux ok 4 espace 69,,,,,169.0,detail de la localisation 69,POINT (278106.59288530046 579330.0004109729),20.3,20.5,POINT (388447.810558634 597397.959359441),POINT (388447.810558634 597397.959359441),POINT (388447.810558634 597397.959359441),POINT (388447.810558634 597397.959359441),1.0,0.0,5.0,0.0,0.0,0.0,1.0,27.0,1.0,107.0,0.0,4.0,0.0,0.0,0.0
Nom_python 170,UN DEUX 170,213.0,2024-11-10,2024-11-10,1.171,1.169,1.172,194.6,okk SFX yes yes line deux ok 4 espace 70,,,,,170.0,detail de la localisation 70,POINT (278106.59288530046 579330.0004109729),20.3,20.5,POINT (388447.810558634 597397.959359441),POINT (388447.810558634 597397.959359441),POINT (388447.810558634 597397.959359441),POINT (388447.810558634 597397.959359441),1.0,0.0,5.0,0.0,0.0,0.0,1.0,27.0,1.0,107.0,0.0,4.0,0.0,0.0,0.0
Nom_python 171,UN DEUX 171,214.0,2024-11-10,2024-11-10,1.172,1.17,1.173,195.6,okk SFX yes yes line deux ok 4 espace 71,,,,,171.0,detail de la localisation 71,POINT (278106.59288530046 579330.0004109729),20.3,20.5,POINT (388447.810558634 597397.959359441),POINT (388447.810558634 597397.959359441),POINT (388447.810558634 597397.959359441),POINT (388447.810558634 597397.959359441),1.0,0.0,5.0,0.0,0.0,0.0,1.0,27.0,1.0,107.0,0.0,4.0,0.0,0.0,0.0
Nom_python 172,UN DEUX 172,215.0,2024-11-10,2024-11-10,1.173,1.171,1.174,196.6,okk SFX yes yes line deux ok 4 espace 72,,,,,172.0,detail de la localisation 72,POINT (278106.59288530046 579330.0004109729),20.3,20.5,POINT (388447.810558634 597397.959359441),POINT (388447.810558634 597397.959359441),POINT (388447.810558634 597397.959359441),POINT (388447.810558634 597397.959359441),1.0,0.0,5.0,0.0,0.0,0.0,1.0,27.0,1.0,107.0,0.0,4.0,0.0,0.0,0.0
Nom_python 173,UN DEUX 173,216.0,2024-11-10,2024-11-10,1.174,1.172,1.175,197.6,okk SFX yes yes line deux ok 4 espace 73,,,,,173.0,detail de la localisation 73,POINT (278106.59288530046 579330.0004109729),20.3,20.5,POINT (388447.810558634 597397.959359441),POINT (388447.810558634 597397.959359441),POINT (388447.810558634 597397.959359441),POINT (388447.810558634 597397.959359441),1.0,0.0,5.0,0.0,0.0,0.0,1.0,27.0,1.0,107.0,0.0,4.0,0.0,0.0,0.0
Nom_python 174,UN DEUX 174,217.0,2024-11-10,2024-11-10,1.175,1.173,1.176,198.6,okk SFX yes yes line deux ok 4 espace 74,,,,,174.0,detail de la localisation 74,POINT (278106.59288530046 579330.0004109729),20.3,20.5,POINT (388447.810558634 597397.959359441),POINT (388447.810558634 597397.959359441),POINT (388447.810558634 597397.959359441),POINT (388447.810558634 597397.959359441),1.0,0.0,5.0,0.0,0.0,0.0,1.0,27.0,1.0,107.0,0.0,4.0,0.0,0.0,0.0
Nom_python 175,UN DEUX 175,218.0,2024-11-10,2024-11-10,1.176,1.174,1.177,199.6,okk SFX yes yes line deux ok 4 espace 75,,,,,175.0,detail de la localisation 75,POINT (278106.59288530046 579330.0004109729),20.3,20.5,POINT (388447.810558634 597397.959359441),POINT (388447.810558634 597397.959359441),POINT (388447.810558634 597397.959359441),POINT (388447.810558634 597397.959359441),1.0,0.0,5.0,0.0,0.0,0.0,1.0,27.0,1.0,107.0,0.0,4.0,0.0,0.0,0.0
Nom_python 176,UN DEUX 176,219.0,2024-11-10,2024-11-10,1.177,1.175,1.178,200.6,okk SFX yes yes line deux ok 4 espace 76,,,,,176.0,detail de la localisation 76,POINT (278106.59288530046 579330.0004109729),20.3,20.5,POINT (388447.810558634 597397.959359441),POINT (388447.810558634 597397.959359441),POINT (388447.810558634 597397.959359441),POINT (388447.810558634 597397.959359441),1.0,0.0,5.0,0.0,0.0,0.0,1.0,27.0,1.0,107.0,0.0,4.0,0.0,0.0,0.0
Nom_python 177,UN DEUX 177,220.0,2024-11-10,2024-11-10,1.178,1.176,1.179,201.6,okk SFX yes yes line deux ok 4 espace 77,,,,,177.0,detail de la localisation 77,POINT (278106.59288530046 579330.0004109729),20.3,20.5,POINT (388447.810558634 597397.959359441),POINT (388447.810558634 597397.959359441),POINT (388447.810558634 597397.959359441),POINT (388447.810558634 597397.959359441),1.0,0.0,5.0,0.0,0.0,0.0,1.0,27.0,1.0,107.0,0.0,4.0,0.0,0.0,0.0
Nom_python 178,UN DEUX 178,221.0,2024-11-10,2024-11-10,1.179,1.177,1.18,202.6,okk SFX yes yes line deux ok 4 espace 78,,,,,178.0,detail de la localisation 78,POINT (278106.59288530046 579330.0004109729),20.3,20.5,POINT (388447.810558634 597397.959359441),POINT (388447.810558634 597397.959359441),POINT (388447.810558634 597397.959359441),POINT (388447.810558634 597397.959359441),1.0,0.0,5.0,0.0,0.0,0.0,1.0,27.0,1.0,107.0,0.0,4.0,0.0,0.0,0.0
Nom_python 179,UN DEUX 179,222.0,2024-11-10,2024-11-10,1.18,1.178,1.181,203.6,okk SFX yes yes line deux ok 4 espace 79,,,,,179.0,detail de la localisation 79,POINT (278106.59288530046 579330.0004109729),20.3,20.5,POINT (388447.810558634 597397.959359441),POINT (388447.810558634 597397.959359441),POINT (388447.810558634 597397.959359441),POINT (388447.810558634 597397.959359441),1.0,0.0,5.0,0.0,0.0,0.0,1.0,27.0,1.0,107.0,0.0,4.0,0.0,0.0,0.0
Nom_python 180,UN DEUX 180,223.0,2024-11-10,2024-11-10,1.181,1.179,1.182,204.6,okk SFX yes yes line deux ok 4 espace 80,,,,,180.0,detail de la localisation 80,POINT (278106.59288530046 579330.0004109729),20.3,20.5,POINT (388447.810558634 597397.959359441),POINT (388447.810558634 597397.959359441),POINT (388447.810558634 597397.959359441),POINT (388447.810558634 597397.959359441),1.0,0.0,5.0,0.0,0.0,0.0,1.0,27.0,1.0,107.0,0.0,4.0,0.0,0.0,0.0
Nom_python 181,UN DEUX 181,224.0,2024-11-10,2024-11-10,1.182,1.18,1.183,205.6,okk SFX yes yes line deux ok 4 espace 81,,,,,181.0,detail de la localisation 81,POINT (278106.59288530046 579330.0004109729),20.3,20.5,POINT (388447.810558634 597397.959359441),POINT (388447.810558634 597397.959359441),POINT (388447.810558634 597397.959359441),POINT (388447.810558634 597397.959359441),1.0,0.0,5.0,0.0,0.0,0.0,1.0,27.0,1.0,107.0,0.0,4.0,0.0,0.0,0.0
Nom_python 182,UN DEUX 182,225.0,2024-11-10,2024-11-10,1.183,1.181,1.184,206.6,okk SFX yes yes line deux ok 4 espace 82,,,,,182.0,detail de la localisation 82,POINT (278106.59288530046 579330.0004109729),20.3,20.5,POINT (388447.810558634 597397.959359441),POINT (388447.810558634 597397.959359441),POINT (388447.810558634 597397.959359441),POINT (388447.810558634 597397.959359441),1.0,0.0,5.0,0.0,0.0,0.0,1.0,27.0,1.0,107.0,0.0,4.0,0.0,0.0,0.0
Nom_python 183,UN DEUX 183,226.0,2024-11-10,2024-11-10,1.184,1.182,1.185,207.6,okk SFX yes yes line deux ok 4 espace 83,,,,,183.0,detail de la localisation 83,POINT (278106.59288530046 579330.0004109729),20.3,20.5,POINT (388447.810558634 597397.959359441),POINT (388447.810558634 597397.959359441),POINT (388447.810558634 597397.959359441),POINT (388447.810558634 597397.959359441),1.0,0.0,5.0,0.0,0.0,0.0,1.0,27.0,1.0,107.0,0.0,4.0,0.0,0.0,0.0
Nom_python 184,UN DEUX 184,227.0,2024-11-10,2024-11-10,1.185,1.183,1.186,208.6,okk SFX yes yes line deux ok 4 espace 84,,,,,184.0,detail de la localisation 84,POINT (278106.59288530046 579330.0004109729),20.3,20.5,POINT (388447.810558634 597397.959359441),POINT (388447.810558634 597397.959359441),POINT (388447.810558634 597397.959359441),POINT (388447.810558634 597397.959359441),1.0,0.0,5.0,0.0,0.0,0.0,1.0,27.0,1.0,107.0,0.0,4.0,0.0,0.0,0.0
Nom_python 185,UN DEUX 185,228.0,2024-11-10,2024-11-10,1.186,1.184,1.187,209.6,okk SFX yes yes line deux ok 4 espace 85,,,,,185.0,detail de la localisation 85,POINT (278106.59288530046 579330.0004109729),20.3,20.5,POINT (388447.810558634 597397.959359441),POINT (388447.810558634 597397.959359441),POINT (388447.810558634 597397.959359441),POINT (388447.810558634 597397.959359441),1.0,0.0,5.0,0.0,0.0,0.0,1.0,27.0,1.0,107.0,0.0,4.0,0.0,0.0,0.0
Nom_python 186,UN DEUX 186,229.0,2024-11-10,2024-11-10,1.187,1.185,1.188,210.6,okk SFX yes yes line deux ok 4 espace 86,,,,,186.0,detail de la localisation 86,POINT (278106.59288530046 579330.0004109729),20.3,20.5,POINT (388447.810558634 597397.959359441),POINT (388447.810558634 597397.959359441),POINT (388447.810558634 597397.959359441),POINT (388447.810558634 597397.959359441),1.0,0.0,5.0,0.0,0.0,0.0,1.0,27.0,1.0,107.0,0.0,4.0,0.0,0.0,0.0
Nom_python 187,UN DEUX 187,230.0,2024-11-10,2024-11-10,1.188,1.186,1.189,211.6,okk SFX yes yes line deux ok 4 espace 87,,,,,187.0,detail de la localisation 87,POINT (278106.59288530046 579330.0004109729),20.3,20.5,POINT (388447.810558634 597397.959359441),POINT (388447.810558634 597397.959359441),POINT (388447.810558634 597397.959359441),POINT (388447.810558634 597397.959359441),1.0,0.0,5.0,0.0,0.0,0.0,1.0,27.0,1.0,107.0,0.0,4.0,0.0,0.0,0.0
Nom_python 188,UN DEUX 188,231.0,2024-11-10,2024-11-10,1.189,1.187,1.19,212.6,okk SFX yes yes line deux ok 4 espace 88,,,,,188.0,detail de la localisation 88,POINT (278106.59288530046 579330.0004109729),20.3,20.5,POINT (388447.810558634 597397.959359441),POINT (388447.810558634 597397.959359441),POINT (388447.810558634 597397.959359441),POINT (388447.810558634 597397.959359441),1.0,0.0,5.0,0.0,0.0,0.0,1.0,27.0,1.0,107.0,0.0,4.0,0.0,0.0,0.0
Nom_python 189,UN DEUX 189,232.0,2024-11-10,2024-11-10,1.19,1.188,1.191,213.6,okk SFX yes yes line deux ok 4 espace 89,,,,,189.0,detail de la localisation 89,POINT (278106.59288530046 579330.0004109729),20.3,20.5,POINT (388447.810558634 597397.959359441),POINT (388447.810558634 597397.959359441),POINT (388447.810558634 597397.959359441),POINT (388447.810558634 597397.959359441),1.0,0.0,5.0,0.0,0.0,0.0,1.0,27.0,1.0,107.0,0.0,4.0,0.0,0.0,0.0
Nom_python 190,UN DEUX 190,233.0,2024-11-10,2024-11-10,1.191,1.189,1.192,214.6,okk SFX yes yes line deux ok 4 espace 90,,,,,190.0,detail de la localisation 90,POINT (278106.59288530046 579330.0004109729),20.3,20.5,POINT (388447.810558634 597397.959359441),POINT (388447.810558634 597397.959359441),POINT (388447.810558634 597397.959359441),POINT (388447.810558634 597397.959359441),1.0,0.0,5.0,0.0,0.0,0.0,1.0,27.0,1.0,107.0,0.0,4.0,0.0,0.0,0.0
Nom_python 191,UN DEUX 191,234.0,2024-11-10,2024-11-10,1.192,1.19,1.193,215.6,okk SFX yes yes line deux ok 4 espace 91,,,,,191.0,detail de la localisation 91,POINT (278106.59288530046 579330.0004109729),20.3,20.5,POINT (388447.810558634 597397.959359441),POINT (388447.810558634 597397.959359441),POINT (388447.810558634 597397.959359441),POINT (388447.810558634 597397.959359441),1.0,0.0,5.0,0.0,0.0,0.0,1.0,27.0,1.0,107.0,0.0,4.0,0.0,0.0,0.0
Nom_python 192,UN DEUX 192,235.0,2024-11-10,2024-11-10,1.193,1.191,1.194,216.6,okk SFX yes yes line deux ok 4 espace 92,,,,,192.0,detail de la localisation 92,POINT (278106.59288530046 579330.0004109729),20.3,20.5,POINT (388447.810558634 597397.959359441),POINT (388447.810558634 597397.959359441),POINT (388447.810558634 597397.959359441),POINT (388447.810558634 597397.959359441),1.0,0.0,5.0,0.0,0.0,0.0,1.0,27.0,1.0,107.0,0.0,4.0,0.0,0.0,0.0
Nom_python 193,UN DEUX 193,236.0,2024-11-10,2024-11-10,1.194,1.192,1.195,217.6,okk SFX yes yes line deux ok 4 espace 93,,,,,193.0,detail de la localisation 93,POINT (278106.59288530046 579330.0004109729),20.3,20.5,POINT (388447.810558634 597397.959359441),POINT (388447.810558634 597397.959359441),POINT (388447.810558634 597397.959359441),POINT (388447.810558634 597397.959359441),1.0,0.0,5.0,0.0,0.0,0.0,1.0,27.0,1.0,107.0,0.0,4.0,0.0,0.0,0.0
Nom_python 194,UN DEUX 194,237.0,2024-11-10,2024-11-10,1.195,1.193,1.196,218.6,okk SFX yes yes line deux ok 4 espace 94,,,,,194.0,detail de la localisation 94,POINT (278106.59288530046 579330.0004109729),20.3,20.5,POINT (388447.810558634 597397.959359441),POINT (388447.810558634 597397.959359441),POINT (388447.810558634 597397.959359441),POINT (388447.810558634 597397.959359441),1.0,0.0,5.0,0.0,0.0,0.0,1.0,27.0,1.0,107.0,0.0,4.0,0.0,0.0,0.0
Nom_python 195,UN DEUX 195,238.0,2024-11-10,2024-11-10,1.196,1.194,1.197,219.6,okk SFX yes yes line deux ok 4 espace 95,,,,,195.0,detail de la localisation 95,POINT (278106.59288530046 579330.0004109729),20.3,20.5,POINT (388447.810558634 597397.959359441),POINT (388447.810558634 597397.959359441),POINT (388447.810558634 597397.959359441),POINT (388447.810558634 597397.959359441),1.0,0.0,5.0,0.0,0.0,0.0,1.0,27.0,1.0,107.0,0.0,4.0,0.0,0.0,0.0
Nom_python 196,UN DEUX 196,239.0,2024-11-10,2024-11-10,1.197,1.195,1.198,220.6,okk SFX yes yes line deux ok 4 espace 96,,,,,196.0,detail de la localisation 96,POINT (278106.59288530046 579330.0004109729),20.3,20.5,POINT (388447.810558634 597397.959359441),POINT (388447.810558634 597397.959359441),POINT (388447.810558634 597397.959359441),POINT (388447.810558634 597397.959359441),1.0,0.0,5.0,0.0,0.0,0.0,1.0,27.0,1.0,107.0,0.0,4.0,0.0,0.0,0.0
Nom_python 197,UN DEUX 197,240.0,2024-11-10,2024-11-10,1.198,1.196,1.199,221.6,okk SFX yes yes line deux ok 4 espace 97,,,,,197.0,detail de la localisation 97,POINT (278106.59288530046 579330.0004109729),20.3,20.5,POINT (388447.810558634 597397.959359441),POINT (388447.810558634 597397.959359441),POINT (388447.810558634 597397.959359441),POINT (388447.810558634 597397.959359441),1.0,0.0,5.0,0.0,0.0,0.0,1.0,27.0,1.0,107.0,0.0,4.0,0.0,0.0,0.0
Nom_python 198,UN DEUX 198,241.0,2024-11-10,2024-11-10,1.199,1.197,1.2,222.6,okk SFX yes yes line deux ok 4 espace 98,,,,,198.0,detail de la localisation 98,POINT (278106.59288530046 579330.0004109729),20.3,20.5,POINT (388447.810558634 597397.959359441),POINT (388447.810558634 597397.959359441),POINT (388447.810558634 597397.959359441),POINT (388447.810558634 597397.959359441),1.0,0.0,5.0,0.0,0.0,0.0,1.0,27.0,1.0,107.0,0.0,4.0,0.0,0.0,0.0
Nom_python 199,UN DEUX 199,242.0,2024-11-10,2024-11-10,1.2,1.198,1.201,223.6,okk SFX yes yes line deux ok 4 espace 99,,,,,199.0,detail de la localisation 99,POINT (278106.59288530046 579330.0004109729),20.3,20.5,POINT (388447.810558634 597397.959359441),POINT (388447.810558634 597397.959359441),POINT (388447.810558634 597397.959359441),POINT (388447.810558634 597397.959359441),1.0,0.0,5.0,0.0,0.0,0.0,1.0,27.0,1.0,107.0,0.0,4.0,0.0,0.0,0.0
Nom_python 200,UN DEUX 200,243.0,2024-11-10,2024-11-10,1.201,1.199,1.202,224.6,okk SFX yes yes line deux ok 4 espace 100,,,,,200.0,detail de la localisation 100,POINT (278106.59288530046 579330.0004109729),20.3,20.5,POINT (388447.810558634 597397.959359441),POINT (388447.810558634 597397.959359441),POINT (388447.810558634 597397.959359441),POINT (388447.810558634 597397.959359441),1.0,0.0,5.0,0.0,0.0,0.0,1.0,27.0,1.0,107.0,0.0,4.0,0.0,0.0,0.0
Nom_python 201,UN DEUX 201,244.0,2024-11-10,2024-11-10,1.202,1.2,1.203,225.6,okk SFX yes yes line deux ok 4 espace 101,,,,,201.0,detail de la localisation 101,POINT (278106.59288530046 579330.0004109729),20.3,20.5,POINT (388447.810558634 597397.959359441),POINT (388447.810558634 597397.959359441),POINT (388447.810558634 597397.959359441),POINT (388447.810558634 597397.959359441),1.0,0.0,5.0,0.0,0.0,0.0,1.0,27.0,1.0,107.0,0.0,4.0,0.0,0.0,0.0
Nom_python 202,UN DEUX 202,245.0,2024-11-10,2024-11-10,1.203,1.201,1.204,226.6,okk SFX yes yes line deux ok 4 espace 102,,,,,202.0,detail de la localisation 102,POINT (278106.59288530046 579330.0004109729),20.3,20.5,POINT (388447.810558634 597397.959359441),POINT (388447.810558634 597397.959359441),POINT (388447.810558634 597397.959359441),POINT (388447.810558634 597397.959359441),1.0,0.0,5.0,0.0,0.0,0.0,1.0,27.0,1.0,107.0,0.0,4.0,0.0,0.0,0.0
Nom_python 203,UN DEUX 203,246.0,2024-11-10,2024-11-10,1.204,1.202,1.205,227.6,okk SFX yes yes line deux ok 4 espace 103,,,,,203.0,detail de la localisation 103,POINT (278106.59288530046 579330.0004109729),20.3,20.5,POINT (388447.810558634 597397.959359441),POINT (388447.810558634 597397.959359441),POINT (388447.810558634 597397.959359441),POINT (388447.810558634 597397.959359441),1.0,0.0,5.0,0.0,0.0,0.0,1.0,27.0,1.0,107.0,0.0,4.0,0.0,0.0,0.0
Nom_python 204,UN DEUX 204,247.0,2024-11-10,2024-11-10,1.205,1.203,1.206,228.6,okk SFX yes yes line deux ok 4 espace 104,,,,,204.0,detail de la localisation 104,POINT (278106.59288530046 579330.0004109729),20.3,20.5,POINT (388447.810558634 597397.959359441),POINT (388447.810558634 597397.959359441),POINT (388447.810558634 597397.959359441),POINT (388447.810558634 597397.959359441),1.0,0.0,5.0,0.0,0.0,0.0,1.0,27.0,1.0,107.0,0.0,4.0,0.0,0.0,0.0
Nom_python 205,UN DEUX 205,248.0,2024-11-10,2024-11-10,1.206,1.204,1.207,229.6,okk SFX yes yes line deux ok 4 espace 105,,,,,205.0,detail de la localisation 105,POINT (278106.59288530046 579330.0004109729),20.3,20.5,POINT (388447.810558634 597397.959359441),POINT (388447.810558634 597397.959359441),POINT (388447.810558634 597397.959359441),POINT (388447.810558634 597397.959359441),1.0,0.0,5.0,0.0,0.0,0.0,1.0,27.0,1.0,107.0,0.0,4.0,0.0,0.0,0.0
Nom_python 206,UN DEUX 206,249.0,2024-11-10,2024-11-10,1.207,1.205,1.208,230.6,okk SFX yes yes line deux ok 4 espace 106,,,,,206.0,detail de la localisation 106,POINT (278106.59288530046 579330.0004109729),20.3,20.5,POINT (388447.810558634 597397.959359441),POINT (388447.810558634 597397.959359441),POINT (388447.810558634 597397.959359441),POINT (388447.810558634 597397.959359441),1.0,0.0,5.0,0.0,0.0,0.0,1.0,27.0,1.0,107.0,0.0,4.0,0.0,0.0,0.0
Nom_python 207,UN DEUX 207,250.0,2024-11-10,2024-11-10,1.208,1.206,1.209,231.6,okk SFX yes yes line deux ok 4 espace 107,,,,,207.0,detail de la localisation 107,POINT (278106.59288530046 579330.0004109729),20.3,20.5,POINT (388447.810558634 597397.959359441),POINT (388447.810558634 597397.959359441),POINT (388447.810558634 597397.959359441),POINT (388447.810558634 597397.959359441),1.0,0.0,5.0,0.0,0.0,0.0,1.0,27.0,1.0,107.0,0.0,4.0,0.0,0.0,0.0
Nom_python 208,UN DEUX 208,251.0,2024-11-10,2024-11-10,1.209,1.207,1.21,232.6,okk SFX yes yes line deux ok 4 espace 108,,,,,208.0,detail de la localisation 108,POINT (278106.59288530046 579330.0004109729),20.3,20.5,POINT (388447.810558634 597397.959359441),POINT (388447.810558634 597397.959359441),POINT (388447.810558634 597397.959359441),POINT (388447.810558634 597397.959359441),1.0,0.0,5.0,0.0,0.0,0.0,1.0,27.0,1.0,107.0,0.0,4.0,0.0,0.0,0.0
Nom_python 209,UN DEUX 209,252.0,2024-11-10,2024-11-10,1.21,1.208,1.211,233.6,okk SFX yes yes line deux ok 4 espace 109,,,,,209.0,detail de la localisation 109,POINT (278106.59288530046 579330.0004109729),20.3,20.5,POINT (388447.810558634 597397.959359441),POINT (388447.810558634 597397.959359441),POINT (388447.810558634 597397.959359441),POINT (388447.810558634 597397.959359441),1.0,0.0,5.0,0.0,0.0,0.0,1.0,27.0,1.0,107.0,0.0,4.0,0.0,0.0,0.0
Nom_python 210,UN DEUX 210,253.0,2024-11-10,2024-11-10,1.211,1.209,1.212,234.6,okk SFX yes yes line deux ok 4 espace 110,,,,,210.0,detail de la localisation 110,POINT (278106.59288530046 579330.0004109729),20.3,20.5,POINT (388447.810558634 597397.959359441),POINT (388447.810558634 597397.959359441),POINT (388447.810558634 597397.959359441),POINT (388447.810558634 597397.959359441),1.0,0.0,5.0,0.0,0.0,0.0,1.0,27.0,1.0,107.0,0.0,4.0,0.0,0.0,0.0
Nom_python 211,UN DEUX 211,254.0,2024-11-10,2024-11-10,1.212,1.21,1.213,235.6,okk SFX yes yes line deux ok 4 espace 111,,,,,211.0,detail de la localisation 111,POINT (278106.59288530046 579330.0004109729),20.3,20.5,POINT (388447.810558634 597397.959359441),POINT (388447.810558634 597397.959359441),POINT (388447.810558634 597397.959359441),POINT (388447.810558634 597397.959359441),1.0,0.0,5.0,0.0,0.0,0.0,1.0,27.0,1.0,107.0,0.0,4.0,0.0,0.0,0.0
Nom_python 212,UN DEUX 212,255.0,2024-11-10,2024-11-10,1.213,1.211,1.214,236.6,okk SFX yes yes line deux ok 4 espace 112,,,,,212.0,detail de la localisation 112,POINT (278106.59288530046 579330.0004109729),20.3,20.5,POINT (388447.810558634 597397.959359441),POINT (388447.810558634 597397.959359441),POINT (388447.810558634 597397.959359441),POINT (388447.810558634 597397.959359441),1.0,0.0,5.0,0.0,0.0,0.0,1.0,27.0,1.0,107.0,0.0,4.0,0.0,0.0,0.0
Nom_python 213,UN DEUX 213,256.0,2024-11-10,2024-11-10,1.214,1.212,1.215,237.6,okk SFX yes yes line deux ok 4 espace 113,,,,,213.0,detail de la localisation 113,POINT (278106.59288530046 579330.0004109729),20.3,20.5,POINT (388447.810558634 597397.959359441),POINT (388447.810558634 597397.959359441),POINT (388447.810558634 597397.959359441),POINT (388447.810558634 597397.959359441),1.0,0.0,5.0,0.0,0.0,0.0,1.0,27.0,1.0,107.0,0.0,4.0,0.0,0.0,0.0
Nom_python 214,UN DEUX 214,257.0,2024-11-10,2024-11-10,1.215,1.213,1.216,238.6,okk SFX yes yes line deux ok 4 espace 114,,,,,214.0,detail de la localisation 114,POINT (278106.59288530046 579330.0004109729),20.3,20.5,POINT (388447.810558634 597397.959359441),POINT (388447.810558634 597397.959359441),POINT (388447.810558634 597397.959359441),POINT (388447.810558634 597397.959359441),1.0,0.0,5.0,0.0,0.0,0.0,1.0,27.0,1.0,107.0,0.0,4.0,0.0,0.0,0.0
Nom_python 215,UN DEUX 215,258.0,2024-11-10,2024-11-10,1.216,1.214,1.217,239.6,okk SFX yes yes line deux ok 4 espace 115,,,,,215.0,detail de la localisation 115,POINT (278106.59288530046 579330.0004109729),20.3,20.5,POINT (388447.810558634 597397.959359441),POINT (388447.810558634 597397.959359441),POINT (388447.810558634 597397.959359441),POINT (388447.810558634 597397.959359441),1.0,0.0,5.0,0.0,0.0,0.0,1.0,27.0,1.0,107.0,0.0,4.0,0.0,0.0,0.0
Nom_python 216,UN DEUX 216,259.0,2024-11-10,2024-11-10,1.217,1.215,1.218,240.6,okk SFX yes yes line deux ok 4 espace 116,,,,,216.0,detail de la localisation 116,POINT (278106.59288530046 579330.0004109729),20.3,20.5,POINT (388447.810558634 597397.959359441),POINT (388447.810558634 597397.959359441),POINT (388447.810558634 597397.959359441),POINT (388447.810558634 597397.959359441),1.0,0.0,5.0,0.0,0.0,0.0,1.0,27.0,1.0,107.0,0.0,4.0,0.0,0.0,0.0
Nom_python 217,UN DEUX 217,260.0,2024-11-10,2024-11-10,1.218,1.216,1.219,241.6,okk SFX yes yes line deux ok 4 espace 117,,,,,217.0,detail de la localisation 117,POINT (278106.59288530046 579330.0004109729),20.3,20.5,POINT (388447.810558634 597397.959359441),POINT (388447.810558634 597397.959359441),POINT (388447.810558634 597397.959359441),POINT (388447.810558634 597397.959359441),1.0,0.0,5.0,0.0,0.0,0.0,1.0,27.0,1.0,107.0,0.0,4.0,0.0,0.0,0.0
Nom_python 218,UN DEUX 218,261.0,2024-11-10,2024-11-10,1.219,1.217,1.22,242.6,okk SFX yes yes line deux ok 4 espace 118,,,,,218.0,detail de la localisation 118,POINT (278106.59288530046 579330.0004109729),20.3,20.5,POINT (388447.810558634 597397.959359441),POINT (388447.810558634 597397.959359441),POINT (388447.810558634 597397.959359441),POINT (388447.810558634 597397.959359441),1.0,0.0,5.0,0.0,0.0,0.0,1.0,27.0,1.0,107.0,0.0,4.0,0.0,0.0,0.0
Nom_python 219,UN DEUX 219,262.0,2024-11-10,2024-11-10,1.22,1.218,1.221,243.6,okk SFX yes yes line deux ok 4 espace 119,,,,,219.0,detail de la localisation 119,POINT (278106.59288530046 579330.0004109729),20.3,20.5,POINT (388447.810558634 597397.959359441),POINT (388447.810558634 597397.959359441),POINT (388447.810558634 597397.959359441),POINT (388447.810558634 597397.959359441),1.0,0.0,5.0,0.0,0.0,0.0,1.0,27.0,1.0,107.0,0.0,4.0,0.0,0.0,0.0
Nom_python 220,UN DEUX 220,263.0,2024-11-10,2024-11-10,1.221,1.219,1.222,244.6,okk SFX yes yes line deux ok 4 espace 120,,,,,220.0,detail de la localisation 120,POINT (278106.59288530046 579330.0004109729),20.3,20.5,POINT (388447.810558634 597397.959359441),POINT (388447.810558634 597397.959359441),POINT (388447.810558634 597397.959359441),POINT (388447.810558634 597397.959359441),1.0,0.0,5.0,0.0,0.0,0.0,1.0,27.0,1.0,107.0,0.0,4.0,0.0,0.0,0.0
Nom_python 221,UN DEUX 221,264.0,2024-11-10,2024-11-10,1.222,1.22,1.223,245.6,okk SFX yes yes line deux ok 4 espace 121,,,,,221.0,detail de la localisation 121,POINT (278106.59288530046 579330.0004109729),20.3,20.5,POINT (388447.810558634 597397.959359441),POINT (388447.810558634 597397.959359441),POINT (388447.810558634 597397.959359441),POINT (388447.810558634 597397.959359441),1.0,0.0,5.0,0.0,0.0,0.0,1.0,27.0,1.0,107.0,0.0,4.0,0.0,0.0,0.0
Nom_python 222,UN DEUX 222,265.0,2024-11-10,2024-11-10,1.223,1.221,1.224,246.6,okk SFX yes yes line deux ok 4 espace 122,,,,,222.0,detail de la localisation 122,POINT (278106.59288530046 579330.0004109729),20.3,20.5,POINT (388447.810558634 597397.959359441),POINT (388447.810558634 597397.959359441),POINT (388447.810558634 597397.959359441),POINT (388447.810558634 597397.959359441),1.0,0.0,5.0,0.0,0.0,0.0,1.0,27.0,1.0,107.0,0.0,4.0,0.0,0.0,0.0
Nom_python 223,UN DEUX 223,266.0,2024-11-10,2024-11-10,1.224,1.222,1.225,247.6,okk SFX yes yes line deux ok 4 espace 123,,,,,223.0,detail de la localisation 123,POINT (278106.59288530046 579330.0004109729),20.3,20.5,POINT (388447.810558634 597397.959359441),POINT (388447.810558634 597397.959359441),POINT (388447.810558634 597397.959359441),POINT (388447.810558634 597397.959359441),1.0,0.0,5.0,0.0,0.0,0.0,1.0,27.0,1.0,107.0,0.0,4.0,0.0,0.0,0.0
Nom_python 224,UN DEUX 224,267.0,2024-11-10,2024-11-10,1.225,1.223,1.226,248.6,okk SFX yes yes line deux ok 4 espace 124,,,,,224.0,detail de la localisation 124,POINT (278106.59288530046 579330.0004109729),20.3,20.5,POINT (388447.810558634 597397.959359441),POINT (388447.810558634 597397.959359441),POINT (388447.810558634 597397.959359441),POINT (388447.810558634 597397.959359441),1.0,0.0,5.0,0.0,0.0,0.0,1.0,27.0,1.0,107.0,0.0,4.0,0.0,0.0,0.0
Nom_python 225,UN DEUX 225,268.0,2024-11-10,2024-11-10,1.226,1.224,1.227,249.6,okk SFX yes yes line deux ok 4 espace 125,,,,,225.0,detail de la localisation 125,POINT (278106.59288530046 579330.0004109729),20.3,20.5,POINT (388447.810558634 597397.959359441),POINT (388447.810558634 597397.959359441),POINT (388447.810558634 597397.959359441),POINT (388447.810558634 597397.959359441),1.0,0.0,5.0,0.0,0.0,0.0,1.0,27.0,1.0,107.0,0.0,4.0,0.0,0.0,0.0
